{"avg_loss":0.24,"epoch":1,"lr":0.01,"_runtime":1.5072007699999999,"_step":10,"_wandb":{"runtime":1},"loss":2.16,"_timestamp":1.7314477050892987e+09,"tokens":10240,"grad_norm":1}